domain_pattern,tags,provider,source,snapshot_date
raw.githubusercontent.com,phishing;c2;download,Github,https://lots-project.com/,2026-08-25
github.com,phishing;download,Github,https://lots-project.com/,2026-08-25
1drv.ms,phishing,Microsoft,https://lots-project.com/,2026-08-25
1drv.com,phishing;download,Microsoft,https://lots-project.com/,2026-08-25
docs.google.com,phishing;c2,Google,https://lots-project.com/,2026-08-25
drive.google.com,phishing;download;exfiltration,Google,https://lots-project.com/,2026-08-25
*.azurewebsites.net,phishing;download;exfiltration;c2,Microsoft,https://lots-project.com/,2026-08-25
dropbox.com,phishing;download;exfiltration;c2,Dropbox,https://lots-project.com/,2026-08-25
mega.nz,phishing;download;exfiltration,Mega Limited,https://lots-project.com/,2026-08-25
pcloud.com,phishing;download;exfiltration,pCloud,https://lots-project.com/,2026-08-25
*.amazonaws.com,phishing;download;exfiltration;c2,Amazon Web Services,https://lots-project.com/,2026-08-25
*.twitter.com,c2,Twitter,https://lots-project.com/,2026-08-25
*.web.core.windows.net,phishing;download;exfiltration;c2,Microsoft,https://lots-project.com/,2026-08-25
*.blob.core.windows.net,phishing;download;exfiltration,Microsoft,https://lots-project.com/,2026-08-25
*.box.com,phishing;download;exfiltration,Box,https://lots-project.com/,2026-08-25
sites.google.com,phishing,Google,https://lots-project.com/,2026-08-25
*.cloudfront.net,phishing;c2;download,Amazon Web Services,https://lots-project.com/,2026-08-25
bitbucket.io,phishing,Atlassian,https://lots-project.com/,2026-08-25
bitbucket.org,phishing;download;exfiltration;c2,Atlassian,https://lots-project.com/,2026-08-25
firebasestorage.googleapis.com,phishing;exfiltration;c2;download,Google,https://lots-project.com/,2026-08-25
storage.googleapis.com,phishing;download;exfiltration;c2,Google,https://lots-project.com/,2026-08-25
*.herokuapp.com,phishing;download;exfiltration;c2,Heroku,https://lots-project.com/,2026-08-25
*.zendesk.com,phishing;download,Zendesk,https://lots-project.com/,2026-08-25
*.cloudwaysapps.com,phishing;download;exfiltration;c2,Cloudways,https://lots-project.com/,2026-08-25
*.netlify.app,phishing,Netlify,https://lots-project.com/,2026-08-25
*.cloudapp.azure.com,phishing;download;exfiltration;c2,Microsoft,https://lots-project.com/,2026-08-25
*.cloudapp.net,phishing;download;exfiltration;c2,Microsoft,https://lots-project.com/,2026-08-25
gitlab.com,phishing;download,GitLab,https://lots-project.com/,2026-08-25
filetransfer.io,phishing;download;exfiltration,Filetransfer.io,https://lots-project.com/,2026-08-25
*.sendspace.com,phishing;download;exfiltration,Sendspace,https://lots-project.com/,2026-08-25
wetransfer.com,phishing;download;exfiltration,WeTransfer B.V,https://lots-project.com/,2026-08-25
cdn.fbsbx.com,phishing,Facebook,https://lots-project.com/,2026-08-25
mediafire.com,phishing;download;exfiltration,Mediafire,https://lots-project.com/,2026-08-25
cdn.discordapp.com,phishing;download,Discord,https://lots-project.com/,2026-08-25
*.workers.dev,phishing;download;exfiltration;c2,Cloudflare,https://lots-project.com/,2026-08-25
slack-files.com,phishing,Slack,https://lots-project.com/,2026-08-25
youtube.com,phishing;c2,Google,https://lots-project.com/,2026-08-25
reddit.com,c2,Reddit,https://lots-project.com/,2026-08-25
pastebin.com,download;exfiltration;c2,Pastebin,https://lots-project.com/,2026-08-25
*.sharepoint.com,phishing;download,Microsoft,https://lots-project.com/,2026-08-25
onedrive.live.com,phishing,Microsoft,https://lots-project.com/,2026-08-25
app.milanote.com,phishing,Milanote,https://lots-project.com/,2026-08-25
*.appspot.com,phishing;download;c2,Google,https://lots-project.com/,2026-08-25
*.wordpress.com,phishing;download;c2;exfiltration,Wordpress Foundation,https://lots-project.com/,2026-08-25
*.azureedge.net,phishing;c2,Microsoft,https://lots-project.com/,2026-08-25
*.tumblr.com,phishing;c2,Tumblr,https://lots-project.com/,2026-08-25
*.backblazeb2.com,phishing;download;exfiltration,BackBlaze,https://lots-project.com/,2026-08-25
*.blogspot.com,phishing;c2,Google,https://lots-project.com/,2026-08-25
*.translate.goog,phishing;download,Google,https://lots-project.com/,2026-08-25
*.googleusercontent.com,phishing;c2,Google,https://lots-project.com/,2026-08-25
*.typeform.com,phishing,Typeform,https://lots-project.com/,2026-08-25
*.github.io,phishing,Github,https://lots-project.com/,2026-08-25
*.web.app,phishing,Google,https://lots-project.com/,2026-08-25
*.firebaseapp.com,phishing;c2,Google,https://lots-project.com/,2026-08-25
*.webflow.io,phishing,Webflow,https://lots-project.com/,2026-08-25
icloud.com,phishing;download;exfiltration,Apple,https://lots-project.com/,2026-08-25
*.duckdns.org,phishing;c2,DuckDNS,https://lots-project.com/,2026-08-25
*.pages.dev,phishing,Cloudflare,https://lots-project.com/,2026-08-25
googleweblight.com,phishing;download,Google,https://lots-project.com/,2026-08-25
forms.office.com,phishing,Microsoft,https://lots-project.com/,2026-08-25
sway.office.com,phishing,Microsoft,https://lots-project.com/,2026-08-25
discord.com,c2;exfiltration,Discord,https://lots-project.com/,2026-08-25
slack.com,c2,Slack,https://lots-project.com/,2026-08-25
api.telegram.org,c2;exfiltration,Telegram,https://lots-project.com/,2026-08-25
*.gofile.io,phishing;exfiltration;download,Gofile,https://lots-project.com/,2026-08-25
*.instagram.com,phishing;c2,Facebook,https://lots-project.com/,2026-08-25
facebook.com,c2,Facebook,https://lots-project.com/,2026-08-25
*.glitch.me,phishing;download,Glitch,https://lots-project.com/,2026-08-25
bit.ly,phishing;download,Bitly Inc.,https://lots-project.com/,2026-08-25
*.trycloudflare.com,phishing;download,Cloudflare,https://lots-project.com/,2026-08-25
beautiful.ai,phishing,Beautiful.ai,https://lots-project.com/,2026-08-25
siasky.net,phishing;exfiltration;download,Siasky,https://lots-project.com/,2026-08-25
*.clickfunnels.com,phishing,ClickFunnels,https://lots-project.com/,2026-08-25
*.docusign.com,phishing,DocuSign,https://lots-project.com/,2026-08-25
*.digitaloceanspaces.com,phishing;download;exfiltration;c2,DigitalOcean,https://lots-project.com/,2026-08-25
*.godaddysites.com,phishing;c2,GoDaddy,https://lots-project.com/,2026-08-25
*.weebly.com,phishing;c2,Weebly,https://lots-project.com/,2026-08-25
www.canva.com,phishing,Canva,https://lots-project.com/,2026-08-25
t.co,phishing;c2,Twitter,https://lots-project.com/,2026-08-25
*.mybluemix.net,phishing;download;c2,IBM,https://lots-project.com/,2026-08-25
appdomain.cloud,phishing;download;c2;exfiltration,IBM,https://lots-project.com/,2026-08-25
archive.org,phishing;download,Archive.org,https://lots-project.com/,2026-08-25
spark.adobe.com,phishing;c2,Adobe,https://lots-project.com/,2026-08-25
*.atlassian.net,phishing;c2,Atlassian,https://lots-project.com/,2026-08-25
dogechain.info,c2,Dogechain.info,https://lots-project.com/,2026-08-25
paste.ee,c2;exfiltration;download,Paste.ee,https://lots-project.com/,2026-08-25
gitee.com,c2;download,Gitee.com,https://lots-project.com/,2026-08-25
*.rf.gd,phishing;c2,InfinityFree,https://lots-project.com/,2026-08-25
viewer.joomag.com,phishing,Joomag,https://lots-project.com/,2026-08-25
my.visme.co,phishing,Visme,https://lots-project.com/,2026-08-25
archive.ph,phishing;download,Archive.ph,https://lots-project.com/,2026-08-25
docsend.com,phishing,Docsend,https://lots-project.com/,2026-08-25
*.nimbusweb.me,phishing,Nimbus Note,https://lots-project.com/,2026-08-25
*.oraclecloud.com,phishing;exfiltration;download;c2,Oracle,https://lots-project.com/,2026-08-25
*.azurefd.net,phishing;c2,Microsoft,https://lots-project.com/,2026-08-25
parg.co,phishing;download,Parg.co,https://lots-project.com/,2026-08-25
*.ngrok.io,phishing;c2;exfiltration;download,Ngrok,https://lots-project.com/,2026-08-25
codepen.io,c2;download,CodePen,https://lots-project.com/,2026-08-25
pastetext.net,download,Pastetext.net,https://lots-project.com/,2026-08-25
notion.so,phishing;c2;exfiltration;download,Notion.so,https://lots-project.com/,2026-08-25
*.wixsite.com,phishing,Wix,https://lots-project.com/,2026-08-25
attachment.outlook.live.net,phishing;download;exfiltration,Microsoft,https://lots-project.com/,2026-08-25
attachments.office.net,phishing;download;exfiltration,Microsoft,https://lots-project.com/,2026-08-25
lnkd.in,phishing;download,Microsoft,https://lots-project.com/,2026-08-25
*.myportfolio.com,phishing,Adobe,https://lots-project.com/,2026-08-25
*.notion.site,phishing;download,Notion.so,https://lots-project.com/,2026-08-25
*.wasabisys.com,phishing;c2;exfiltration;download,Wasabi Technologies,https://lots-project.com/,2026-08-25
rebrand.ly,phishing;download,Rebrandly,https://lots-project.com/,2026-08-25
rb.gy,phishing;download,Rebrandly,https://lots-project.com/,2026-08-25
genius.com,c2,Genius,https://lots-project.com/,2026-08-25
inmotionhosting.com,phishing;c2;exfiltration;download,InMotion Hosting,https://lots-project.com/,2026-08-25
stonly.com,phishing,Stonly,https://lots-project.com/,2026-08-25
*.csb.app,phishing,CodeSandbox,https://lots-project.com/,2026-08-25
*.codesandbox.io,phishing,CodeSandbox,https://lots-project.com/,2026-08-25
*.000webhostapp.com,phishing;c2;exfiltration;download,Hostinger,https://lots-project.com/,2026-08-25
*.hostingerapp.com,phishing;c2;exfiltration;download,Hostinger,https://lots-project.com/,2026-08-25
feedproxy.google.com,phishing,Google,https://lots-project.com/,2026-08-25
*.pagecloud.com,phishing,PageCloud,https://lots-project.com/,2026-08-25
*.format.com,phishing,Format,https://lots-project.com/,2026-08-25
s.id,phishing;download,s.id,https://lots-project.com/,2026-08-25
doc.clickup.com,phishing,ClickUp,https://lots-project.com/,2026-08-25
ufile.io,phishing;exfiltration;download,Ufile,https://lots-project.com/,2026-08-25
onenoteonlinesync.onenote.com,phishing;download;exfiltration,Microsoft,https://lots-project.com/,2026-08-25
12ft.io,phishing,12ft.io,https://lots-project.com/,2026-08-25
*.doubleclick.net,phishing;download,Google,https://lots-project.com/,2026-08-25
t.m1.email.samsung.com,phishing;download,Samsung,https://lots-project.com/,2026-08-25
*.repl.co,phishing;c2;exfiltration;download,Replit,https://lots-project.com/,2026-08-25
teletype.in,phishing,Teletype,https://lots-project.com/,2026-08-25
*.easywp.com,phishing,EasyWP,https://lots-project.com/,2026-08-25
telegra.ph,phishing,Telegraph,https://lots-project.com/,2026-08-25
filebin.net,phishing;exfiltration;download,Filebin,https://lots-project.com/,2026-08-25
*.fyi.to,phishing,FYI.to,https://lots-project.com/,2026-08-25
nt.embluemail.com,phishing;download,emBlue,https://lots-project.com/,2026-08-25
transfer.sh,phishing;exfiltration;download,Transfer.sh,https://lots-project.com/,2026-08-25
ct.sendgrid.net,phishing;download,SendGrid,https://lots-project.com/,2026-08-25
nethunt.com,phishing,NetHunt,https://lots-project.com/,2026-08-25
trello.com,phishing;download;exfiltration,Trello,https://lots-project.com/,2026-08-25
evernote.com,phishing;exfiltration;download,Evernote,https://lots-project.com/,2026-08-25
track.adform.net,phishing;download,Adform,https://lots-project.com/,2026-08-25
*.xiti.com,phishing;download,Xiti,https://lots-project.com/,2026-08-25
wtools.io,download,WTOOLS,https://lots-project.com/,2026-08-25
i.imgur.com,download,Imgur,https://lots-project.com/,2026-08-25
workflowy.com,phishing,WorkFlowy,https://lots-project.com/,2026-08-25
*.mybluehost.me,phishing;c2;download;exfiltration,Bluehost,https://lots-project.com/,2026-08-25
*.ondigitalocean.app,phishing;c2,DigitalOcean,https://lots-project.com/,2026-08-25
*.axshare.com,phishing;c2,Axure,https://lots-project.com/,2026-08-25
rentry.co,exfiltration;c2;download,Rentry.co,https://lots-project.com/,2026-08-25
zerobin.net,exfiltration;c2;download,ZeroBin,https://lots-project.com/,2026-08-25
textbin.net,exfiltration;c2;download,TextBin,https://lots-project.com/,2026-08-25
ideone.com,exfiltration;c2;download,Ideone.com,https://lots-project.com/,2026-08-25
4sync.com,download,4Sync,https://lots-project.com/,2026-08-25
pastebin.pl,exfiltration;c2;download,Pastebin.pl,https://lots-project.com/,2026-08-25
www.uplooder.net,phishing;download;exfiltration,Uplooder,https://lots-project.com/,2026-08-25
graph.microsoft.com,c2;exfiltration,Microsoft,https://lots-project.com/,2026-08-25
pastie.org,exfiltration;c2;download,Pastie.org,https://lots-project.com/,2026-08-25
*.slab.com,phishing,Slab,https://lots-project.com/,2026-08-25
*.dropmark.com,phishing,Dropmark,https://lots-project.com/,2026-08-25
filecloudonline.com,phishing;download,FileCloud,https://lots-project.com/,2026-08-25
tinyurl.com,phishing;download,TinyURL,https://lots-project.com/,2026-08-25
*.azurestaticapps.net,phishing;c2;download,Microsoft,https://lots-project.com/,2026-08-25
termbin.com,c2;exfiltration;download,Termbin,https://lots-project.com/,2026-08-25
sprunge.us,c2;exfiltration;download,Sprunge,https://lots-project.com/,2026-08-25
*.plesk.page,phishing;c2;exfiltration;download,Plesk,https://lots-project.com/,2026-08-25
cutt.ly,phishing;download,Cutt.ly,https://lots-project.com/,2026-08-25
*.on.aws,c2,Amazon,https://lots-project.com/,2026-08-25
*.mystrikingly.com,phishing;c2,Strikingly,https://lots-project.com/,2026-08-25
www.surveycake.com,phishing,SurveyCake,https://lots-project.com/,2026-08-25
anonfiles.com,phishing;exfiltration;download,Anonfiles,https://lots-project.com/,2026-08-25
*.linodeobjects.com,phishing;exfiltration;download,Linode,https://lots-project.com/,2026-08-25
express.adobe.com,phishing,Adobe,https://lots-project.com/,2026-08-25
*.fleek.co,phishing,Fleek,https://lots-project.com/,2026-08-25
localhost.run,c2,Localhost.run,https://lots-project.com/,2026-08-25
*.requestbin.net,c2,RequestBin,https://lots-project.com/,2026-08-25
clbin.com,c2;exfiltration;download,Clbin,https://lots-project.com/,2026-08-25
ix.io,c2;exfiltration;download,Ix.io,https://lots-project.com/,2026-08-25
